{
  "UI.STATION.TICKET_CASH": "«Наличные! Наличные! Наличные!»",
  "UI.STATION.TICKET_VERSAILLES": "«Версаль»",
  "UI.ENDSHIFT.SUMUP.COMPANYCUT.DESC": "({0}% от тарифов)",
  "UI.ENDSHIFT.SUMUP.BONUS.DESC": "(дальние направления)",
  "UI.ENDSHIFT.SUMUP.SPENDING.DESC": "(аренда, еда, сигареты)",
  "UI.ENDSHIFT.SUMUP.MAINTENANCE.DESC": "(уборка, лицензия на такси)",
  "UI.ROOM.CLUES.DISCOVERED": "Обнаружено улик: {0}",
  "UI.ROOM.POIS.DISCOVERED": "Обнаружено мест: {0}",
  "UI.STATION.TICKET.WON": "Вы выиграли {0}€!",
  "UI.CAR.PASSENGER.PICKUP.REFUSE": "Отказаться",
  "clue_angel_customer_ade_01.source": "Видение Эйда",
  "clue_angel_customer_ade_02.source": "Видение Эйда",
  "clue_judge_customer_ade_01.source": "Видение Эйда",
  "clue_judge_customer_ade_02.source": "Видение Эйда",
  "clue_sand_customer_ade_01.source": "Видение Эйда",
  "clue_sand_customer_ade_02.source": "Видение Эйда",
  "UI.CAR.PASSENGER.END.MONEY.BANK": "Текущий баланс",
  "UI.ENDSHIFT.SUMUP.BANK.ACCOUNT": "Текущий баланс",
  "clue_sand_customer_rumor_06.title": "Пожар на \"Альбатросе\" = миллионы страховых выплат",
  "clue_sand_radionews_01_01.title": "Пожар на \"Альбатросе\" = миллионы страховых выплат",
  "clue_sand_report04_02.title": "Огонь \"Альбатроса\" = подтолкнул Жертву 4 к продаже акций",
  "clue_sand_gas_04.title": "Пожар на Альбатросе = преступное деяние",
  "clue_sand_radionews_03_01.title": "Пожар на Альбатросе = преступное деяние",
  "clue_sand_cemetery_01.title": "Александр = врач во французской армии",
  "clue_sand_cemetery_02.title": "Александр = потерял медицинскую лицензию в 50-е годы",
  "clue_sand_customer_mireille_01.title": "Александр = солдат на войне в Индокитае",
  "clue_sand_suspectsintel_01.title": "Внук Александра погиб во время пожара на Альбатросе.",
  "GC.SUSPECT.NAME.ALICIA": "Алисия",
  "clue_sand_customer_ludwig_02.title": "Пары алкоголя во время разговора с Людвигом",
  "UI.OPTIONS.GENERAL": "Общие сведения",
  "clue_angel_gas_01.source": "Слышал на бензоколонке...",
  "clue_angel_gas_02.source": "Слышал на бензоколонке...",
  "clue_angel_gas_03.source": "Слышал на бензоколонке...",
  "clue_angel_gas_04.source": "Слышал на бензоколонке...",
  "clue_angel_gas_05.source": "Слышал на бензоколонке...",
  "clue_judge_gas_01.source": "Слышал на бензоколонке...",
  "clue_judge_gas_02.source": "Слышал на бензоколонке...",
  "clue_judge_gas_03.source": "Слышал на бензоколонке...",
  "clue_judge_gas_04.source": "Слышал на бензоколонке...",
  "clue_judge_gas_05.source": "Слышал на бензоколонке...",
  "clue_sand_gas_01.source": "Слышал на бензоколонке...",
  "clue_sand_gas_02.source": "Слышал на бензоколонке...",
  "clue_sand_gas_03.source": "Слышал на бензоколонке...",
  "clue_sand_gas_04.source": "Слышал на бензоколонке...",
  "clue_sand_gas_05.source": "Слышал на бензоколонке...",
  "clue_judge_radionews05_01.title": "Гильза, найденная на месте преступления 4 = полицейский пистолет",
  "UI.ROOM.TOOLTIP.ACCUSE.SUSPECT.CANCEL": "Выбрать другого подозреваемого",
  "UI.STATION.TALK": "Продавец",
  "UI.CAR.PASSENGER.PICKUP.ACCEPT": "Принять",
  "UI.OPTIONS.FULLSCREEN": "Отображение",
  "clue_angel_bar_03.title": "Аполлония «охотится» на молодёжь",
  "clue_angel_bar_04.title": "Аполлония — член Культа Лунной Плоти",
  "poi_judge_embassy.title": "Посольство Аргентины",
  "UI.OPTIONS.AUDIO": "Звук",
  "UI.OPTIONS.RESOLUTION": "Разрешение",
  "clue_sand_escort_01.source": "Из базы данных «Secret Escort 75»",
  "clue_sand_escort_02.source": "Из базы данных «Secret Escort 75»",
  "clue_sand_escort_03.source": "Из базы данных «Secret Escort 75»",
  "clue_sand_escort_04.source": "Из базы данных «Secret Escort 75»",
  "clue_angel_hacker_01.source": "Из хакерского источника",
  "clue_angel_hacker_02.source": "Из хакерского источника",
  "clue_angel_hacker_03.source": "Из хакерского источника",
  "UI.ENDSHIFT.SUMUP.SPENDING": "Расходы",
  "DIFFICULTY.NORMAL": "Сбалансированный",
  "UI.ROOM.TOOLTIP.ACCUSE.SUSPECT": "ПОДТВЕРДИТЬ ВЫБОР",
  "UI.SELECT": "Выбрать",
  "UI.ENDSHIFT.SUMUP.MAINTENANCE": "Обслуживание автомобилей",
  "UI.OPTIONS.TEXT_SPEED": "Скорость текста",
  "UI.CAR.DIALOGUE.AUTOMODE": "Автоматический режим",
  "clue_sand_autopsy01_01.source": "Отчет о вскрытии, жертва 1",
  "clue_sand_autopsy01_02.source": "Отчет о вскрытии, жертва 1",
  "doc_sand_autopsy01.title": "Отчет о вскрытии, жертва 1",
  "clue_sand_autopsy02_01.source": "Отчет о вскрытии, жертва 2",
  "clue_sand_autopsy02_02.source": "Отчет о вскрытии, жертва 2",
  "doc_sand_autopsy02.title": "Отчет о вскрытии, жертва 2",
  "clue_judge_autopsy03_01.source": "Отчет о вскрытии, жертва 3",
  "clue_judge_autopsy03_02.source": "Отчет о вскрытии, жертва 3",
  "clue_sand_autopsy03_01.source": "Отчет о вскрытии, жертва 3",
  "clue_sand_autopsy03_02.source": "Отчет о вскрытии, жертва 3",
  "doc_judge_autopsy03.title": "Отчет о вскрытии, жертва 3",
  "doc_sand_autopsy03.title": "Отчет о вскрытии, жертва 3",
  "clue_judge_autopsy04_01.source": "Отчет о вскрытии, жертва 4",
  "clue_judge_autopsy04_02.source": "Отчет о вскрытии, жертва 4",
  "clue_judge_autopsy04_03.source": "Отчет о вскрытии, жертва 4",
  "doc_judge_autopsy04.title": "Отчет о вскрытии, жертва 4",
  "GC.CLUE.NAME.BURGLARY.BALCONY": "Балкон: легкий доступ",
  "UI.ENDSHIFT.SUMUP.BANKFEES": "Банковские комиссии",
  "UI.MENU.QUIT": "Выход",
  "doc_sand_escort_01.source": "Украдено в Secret Escort 75",
  "clue_sand_report04_01.title": "Оружие, использованное против вас = пистолет времен Второй мировой войны",
  "GC.CLUE.TT.ROBBED.NO.VIC02": "У жертвы 2 ничего не было украдено.",
  "doc_judge_salim.source": "Украдено у Салима",
  "UI.ENDSHIFT.SUMUP.GAS": "Бензин",
  "UI.BOARD.DESCRIPTION": "Описание",
  "UI.STATION.SHOP.PROMPT": "Войти",
  "UI.ROOM.TOOLTIP.ACCUSE.SUSPECT.CONFIRM": "Обвинить",
  "clue_angel_pic01_01.source": "Фотография места преступления 1",
  "clue_angel_pic01_02.source": "Фотография места преступления 1",
  "clue_judge_pic01_01.source": "Фотография места преступления 1",
  "doc_angel_pic01.title": "Фотография места преступления 1",
  "doc_judge_pic01.title": "Фотография места преступления 1",
  "clue_angel_pic02_02.source": "Фотография места преступления 2",
  "clue_judge_pic02_01.source": "Фотография места преступления 2",
  "doc_angel_pic02.title": "Фотография места преступления 2",
  "doc_judge_pic02.title": "Фотография места преступления 2",
  "clue_angel_pic03_01.source": "Фотография места преступления 3",
  "clue_judge_pic03_01.source": "Фотография места преступления 3",
  "doc_angel_pic03.title": "Фотография места преступления 3",
  "doc_judge_pic03.title": "Фотография места преступления 3",
  "clue_judge_pic04_01.source": "Фотография места преступления 4",
  "doc_judge_pic04.title": "Фотография места преступления 4",
  "UI.ENDSHIFT.SUMUP.BONUS": "Бонус",
  "poi_angel_bar.title": "Кафе «Бельведер»",
  "clue_sand_report04_03.title": "Камилла = наследница состояния Жертвы 4",
  "clue_sand_chrisrecords_01.title": "Крис = эскорт для сайта Secret Escort 75",
  "clue_sand_chrisrecords_03.title": "Криса видели рядом с местом преступления за 2 месяца до этого",
  "clue_sand_chrisrecords_02.title": "Криса, вероятно, видели неподалеку от места преступления 1",
  "clue_sand_chrisrecords_04.title": "Криса видели рядом с местом преступления за 3 дня до этого",
  "clue_judge_customer_claudia_01.title": "Клаудия = родители погибли во время хунты",
  "UI.CAR.PASSENGER.PICKUP.DURATION": "Продолжительность",
  "INVESTIGATION.JUDGE.TITLE": "Судья",
  "INVESTIGATION.SANDMAN.TITLE": "Песочный человек",
  "INVESTIGATION.ANGEL.TITLE": "Ангел смерти",
  "UI.CAR.PASSENGER.PICKUP.DISTANCE": "Расстояние",
  "UI.PRESS.BEFORE": "Нажать",
  "UI.CREDITS.INTRO.GAMEBY": "игра от",
  "GC.CLUE.TT.BURGLARY.QUIET": "Грабители не оставляют следов.",
  "GC.CLUE.NAME.BURGLARY.QUIET": "Грабители залегли на дно",
  "GC.CLUE.TT.BURGLARY.EMPTY": "Грабители ждут, когда квартира опустеет.",
  "GC.CLUE.NAME.BURGLARY.REPORT": "Ограбление через балкон",
  "GC.CLUE.TT.BURGLARY.COMMON": "Кражи со взломом распространены как никогда.",
  "clue_angel_radionews07_01.title": "Взломом занимался профессионал",
  "GC.CLUE.NAME.BURGLARY.COMMON": "Широко распространены кражи со взломом",
  "UI.CAR.PASSENGER.END.PROFITS": "Прибыль",
  "UI.ENDSHIFT.SUMUP.PROFITS": "Прибыль",
  "UI.CAR.PASSENGER.END.TITLE": "ЧЕК",
  "UI.MENU.PASSIDEX": "Пассидекс",
  "UI.REVEALS.TITLE": "Пассидекс",
  "UI.ENDSHIFT.SUMUP.INVESTIGATION": "Расследование",
  "STORYSELECT.TITLE.CHOOSE.INVESTIGATION": "Выбрать расследование",
  "clue_angel_report03_01.title": "Оставил запасной ключ под дверным ковриком.",
  "clue_judge_archiv_01.title": "Первые 3 файла жертв = НЕ часть полицейской утечки",
  "clue_judge_julian_02.title": "Первые 3 файла жертв = НЕ часть полицейской утечки",
  "clue_judge_journal08_01.title": "Первые три жертвы = подозреваемые, но не арестованные",
  "poi_angel_hacker.title": "Квартира Этьена",
  "UI.CAR.PASSENGER.PICKUP.FEE": "Тариф",
  "UI.ENDSHIFT.SUMUP.FARE": "Тарифы",
  "WINDOWED": "В окне",
  "poi_angel_fire.title": "Пожарная станция Монтруж",
  "UI.ENDSHIFT.SUMUP.COMPANYCUT": "Доля компании",
  "clue_angel_church_01.title": "Рыба = первоначальный символ христианства",
  "clue_angel_customer_rumor_12.title": "Рыба = первоначальный символ христианства",
  "clue_angel_customer_rumor_13.title": "Символ рыбы = связан с культом",
  "clue_angel_church_02.title": "Символ рыбы в церкви Гильды",
  "GC.CLUE.TT.CHURCH.LINK.PHOTO": "Символ - рыба и раннехристианский символ",
  "clue_angel_pic01_02.title": "Символ рыбы, нарисованный на стене кровью",
  "GC.CLUE.TT.KNIFE.STANDARD": "Нож для рыбы: стандартный материал для рыбаков.",
  "GC.DOCUMENT.NAME.PHOTOGRAPHY07.FISH": "Фотография: Символ рыбы",
  "clue_judge_julian_03.title": "Первое дело Фрагонара = растлитель малолетних",
  "poi_sand_cemetery.title": "Кладбище Батиньоль",
  "poi_angel_cemetery.title": "Кладбище Пасси",
  "UI.CAR.PASSENGER.END.MONEY.RECEIVED": "Полученные деньги",
  "clue_sand_customer_anita_01.title": "Жеральдин уступила свою компанию Groupe Diamant",
  "clue_sand_customer_geraldine_01.title": "Жеральдин уступила свою компанию Groupe Diamant",
  "clue_sand_suspectsintel_03.title": "Жеральдин уступила свою компанию Groupe Diamant",
  "UI.ENDSHIFT.SUMUP.SMOKED.CIGS": "выкуренные сигареты",
  "GC.DOCUMENT.NAME.RUMOR08.BURGLARS": "Слухи: Взломщики - трусы.",
  "UI.ENDSHIFT.SUMUP.TOTAL": "Всего",
  "clue_angel_houssine_01.source": "Видели во... сне?",
  "clue_judge_houssine_01.source": "Видели во... сне?",
  "clue_sand_houssine_01.source": "Видели во... сне?",
  "UI.REVEALS.LOCKED": "Заблокировано",
  "clue_angel_customer_gilda_01.title": "Гильда разговаривает с Иисусом",
  "poi_angel_church.title": "Церковь Гильды",
  "clue_sand_customer_geraldine_02.title": "Groupe Diamant - сомнительная компания",
  "UI.INVESTIGATION.INVESTIGATE": "Удерживать, чтобы исследовать",
  "UI.ROOM.TOOLTIP.DOCUMENT.INVESTIGATE": "Удерживать, чтобы расследовать",
  "GC.SUSPECT.NAME.HERVE": "Эрве",
  "clue_angel_fileherve_02.title": "Эрве якобы ограбил продавца рыбы.",
  "clue_judge_julian_04.title": "Эрве получил деньги от суда над Риктодином",
  "clue_judge_park_02.title": "Эрве работал на \"Жертву 2\" в 90-е годы.",
  "clue_judge_park_03.title": "Эрве просил деньги у Жертвы 2",
  "GC.SUSPECT.TT.HERVE": "Бездомный в течение последних десяти лет, Эрве несколько раз подвергался арестам и тюремному заключению за кражи со взломом и воровство.",
  "clue_angel_fileherve_01.title": "Эрве подозревается во многих взломах.",
  "clue_angel_fileherve_01.source": "Полицейское досье Эрве",
  "clue_angel_fileherve_02.source": "Полицейское досье Эрве",
  "doc_angel_fileherve.title": "Полицейское досье Эрве",
  "clue_angel_customer_herve_01.source": "Свидетельство Эрве",
  "clue_judge_customer_herve_01.source": "Свидетельство Эрве",
  "clue_sand_customer_herve_01.source": "Свидетельство Эрве",
  "Heard on the radio…": "Слышал в вашем такси...",
  "Heard in your taxi…": "Доступно в вашем номере",
  "Available in your room": "Количество взломов растет",
  "Break-ins are on the rise": "Все больше ультраправых студентов в университетах",
  "More and more far-right students in universities": "Слышал в новостях...",
  "Heard on the news…": "Прочитайте в газете...",
  "Read in a newspaper…": "В церкви Гильды",
  "At Gilda’s church": "Связано с церковью",
  "Linked to church": "в сотрудничестве с",
  "in collaboration with": "Информация о Клаудии",
  "Info about Claudia": "clue_sand_suspectsintel_01.источник",
  "Suspects Intel": "Отдел новостей ИнфоТВ",
  "InfoTV Newsroom": "Является ли Убийца религиозным человеком?",
  "Is the Killer a religious person?": "ДА",
  "Yes": "GC.SUSPECT.NAME.ДЖОНАС",
  "Jonas": "Джонас = лидер темной веб-группы",
  "Jonas = leader of dark web group": "Джонас = опасный человек",
  "Jonas = dangerous man": "Джонас = проверка теории",
  "Jonas = testing his theory": "Джонас считает, что мы находимся в симуляции.",
  "Jonas believes we’re in a simulation": "Файлы Джулиана",
  "Julian’s files": "ОД = перерезанное горло, слова написаны кровью, кровь отсутствует",
  "Buy": "ОД = перерезанное горло, слова написаны кровью, кровь отсутствует",
  "MO = slit throat, words written in blood, blood missing": "Никаких признаков насилия",
  "No sign of violence": "Газета отсутствует",
  "No newspaper available": "Запах свечи во время разговора с Людвигом",
  "GC.CLUE.TT.CULT.NEWS": "Культ был окончательно распущен в 2000-х годах.",
  "UI.DIALOG.CLIENT": "Клиент",
  "clue.source.customer": "Клиент",
  "UI.ENDSHIFT.SUMUP.CUSTOMERS": "Клиенты",
  "doc_sand_escort_01.title": "Список клиентов Secret Escort 75",
  "poi_sand_cafe.title": "Бистро L'Argentueil",
  "UI.STATION.SHOP": "Магазин",
  "clue_sand_cemetery_03.title": "Groupe Diamant планирует продать землю",
  "UI.OPTIONS.TEXT_SPEED.SLOW": "Медленнее",
  "GC.CLUE.NAME.BURGLARY.EMPTY": "Кражи со взломом направлены на пустые квартиры",
  "UI.VOLUME": "Громкость",
  "UI.DELETE": "Удалить",
  "clue_angel_customer_ludwig_01.source": "Видение Людвига",
  "clue_angel_customer_ludwig_02.source": "Видение Людвига",
  "clue_judge_customer_ludwig_01.source": "Видение Людвига",
  "clue_judge_customer_ludwig_02.source": "Видение Людвига",
  "clue_judge_customer_ludwig_03.source": "Видение Людвига",
  "clue_sand_customer_ludwig_01.source": "Видение Людвига",
  "clue_sand_customer_ludwig_02.source": "Видение Людвига",
  "clue_sand_customer_ludwig_03.source": "Видение Людвига",
  "clue_judge_pic04_01.title": "Стреляная гильза",
  "UI.CAR.DIALOGUE.MANUALMODE": "Ручной режим",
  "UI.OPTIONS.MASTER_VOLUME": "Общая громкость",
  "UI.ENDSHIFT.SUMUP.RENT": "Аренда",
  "UI.STATION.SHOP.TALK.PROMPT": "Поговорить с продавцом",
  "GC.CLUE.TT.SYMBOL.PHOTO": "Нарисовано большим пальцем жертвы 2.",
  "GC.CLUE.TT.SYMBOL.BLOOD": "Нарисовано кровью жертвы 2.",
  "clue_sand_customer_rumor_09.title": "При использовании бромида панкурония жертва чувствует все.",
  "clue_sand_hospital_03.title": "При использовании бромида панкурония жертва чувствует все.",
  "UI.MENU.CREDITS": "Авторы",
  "clue_angel_cemetery_02.title": "Культ Лунной Плоти = в основном хиппи",
  "clue_angel_customer_rumor_06.title": "Культ Лунной Плоти = безумцы",
  "guess_sand_sus04_01.title": "Убийство = удовольствие для убийцы?",
  "GC.CLUE.NAME.KILLER.SLOPPY.VIC01": "Убийство = небрежность",
  "GC.CLUE.NAME.KILLER.SLOPPY.VIC02": "Убийство = небрежность",
  "guess_sand_sus01_01.title": "Убийство = боль для убийцы?",
  "guess_sand_sus03_01.title": "Убийство = боль для убийцы?",
  "guess_sand_sus05_01.title": "Убийство = боль для убийцы?",
  "guess_angel_sus03_01.title": "Убийства = неудачные взломы?",
  "guess_sand_sus02_02.title": "Убийства = благо для Groupe Diamant?",
  "guess_sand_sus01_02.title": "Убийства = месть?",
  "clue_angel_kcase_05.title": "Убийства = ритуалы?",
  "guess_angel_sus04_02.title": "Убийства = сатанинские ритуалы?",
  "guess_angel_sus05_01.title": "Убийства = сатанинские ритуалы?",
  "guess_sand_sus02_01.title": "Убийства = прикрытие преступного огня \"Альбатроса\"?",
  "clue_judge_radionews07_01.title": "Убийства могут быть связаны с мафией",
  "clue_judge_radionews08_01.title": "Убийства могут быть связаны с мафией",
  "clue_judge_customer_ade_02.title": "Убийства не из-за денег",
  "clue_angel_kcase_02.title": "Орудие убийства = филейный нож",
  "UI.STATION.SHOP.TOMORROW": "Приходите завтра",
  "guess_judge_sus05_01.title": "Мотивация = деньги?",
  "guess_judge_sus02_02.title": "Мотивация = справедливость?",
  "guess_judge_sus03_02.title": "Мотивация = справедливость?",
  "guess_judge_sus04_01.title": "Мотивация = личная месть?",
  "guess_judge_sus05_03.title": "Мотивация = личная месть?",
  "guess_judge_sus02_01.title": "Мотивация = социальная справедливость?",
  "guess_judge_sus03_03.title": "Мотивация = социальная справедливость?",
  "UI.OPTIONS.MUSIC_VOLUME": "Музыка",
  "clue_sand_kcase_02.title": "Мышечный релаксант = бромид панкурония",
  "clue_judge_pic01_01.title": "Сообщение на месте преступления 1 = \" JUSTICE \"",
  "clue_angel_pic01_01.title": "Сообщение на месте преступления 1 = \"ТОЛЬКО ОДИН БОГ\"",
  "clue_judge_pic02_01.title": "Сообщение на месте преступления 2 = \"ТЫ ЗАСЛУЖИЛ ЭТО\".",
  "clue_angel_pic02_02.title": "Сообщение на месте преступления 2 = \"Он следит за тобой\".",
  "clue_judge_pic03_01.title": "Сообщение на месте преступления 3 = \"ВРЕМЯ ВЫШЛО\".",
  "clue_angel_pic03_01.title": "Сообщение на месте преступления 3 = \"LUST\"",
  "clue_judge_embassy_01.title": "Сообщение на месте преступления 3, связанное с процессом",
  "clue_judge_radionews03_01.title": "Сообщение на месте преступления 3, связанное с процессом",
  "UI.ROOM.DOCUMENTS.SCROLL": "Следующие документы",
  "UI.NIGHT": "Ночь",
  "UI.CAR.ROAM.ENDNIGHT": "Конец ночи",
  "UI.CAR.ROAM.ENDSHIFT": "Конечная смена",
  "UI.CAR.PASSENGER.END.OK": "Взять",
  "UI.ENDSHIFT.REVEALS.NEW": "Теперь вы знаете больше о своих клиентах...",
  "UI.ROOM.POI.DISCOVERED": "Новое место проведения расследования",
  "UI.ROOM.CLUE.DISCOVERED": "Новая подсказка",
  "UI.MENU.NEW": "Новая игра",
  "UI.STATION.PUMP.NOMONEY": "Недостаточно денег",
  "UI.STATION.SHOP.NOMONEY": "Недостаточно денег",
  "UI.INVESTIGATION.NOTENOUGHTIME": "Недостаточно времени",
  "UI.OPTIONS.TEXT_SPEED.NORMAL": "Нормальный",
  "clue_judge_gas_05.title": "Бездомного видели в районе места преступления 2 и 3",
  "clue_judge_radionews04_01.title": "Бездомного видели в районе места преступления 2 и 3",
  "clue_sand_journal08_01.title": "Жертвы = связь через сайт эскорта",
  "clue_sand_radionews_07_01.title": "Жертвы = связь через сайт эскорта",
  "clue_judge_gas_01.title": "Жертвы = богатые",
  "clue_judge_radioshow01_02.title": "Жертвы = богатые",
  "clue_sand_cafe_03.title": "Жертва 1 = поджигатель",
  "clue_sand_victimrecords_02.title": "Жертва 1 = поджигатель",
  "clue_angel_fire_04.title": "Жертва 1 = строгая религиозная семья",
  "clue_angel_bar_01.title": "Жертва 1 = клиент кафе \"Бельведер",
  "clue_judge_customer_rumor_05.title": "Жертва 1 = под защитой мэра Сент-Уэна",
  "clue_judge_journal05_02.title": "Жертва 1 = под защитой мэра Сент-Уэна",
  "clue_angel_customer_rumor_08.title": "Жертва 1 = великолепный, храбрый мужчина",
  "clue_angel_fire_03.title": "Жертва 1 = великолепный, храбрый мужчина",
  "clue_angel_fire_01.title": "Жертва 1 = герой, которого все любят",
  "clue_sand_radionews_04_02.title": "Жертва 1 = нет алиби для огня \"Альбатроса",
  "GC.CLUE.NAME.RICH.VIC01": "Жертва 1 = богатый",
  "clue_judge_stad_01.title": "Жертва 1 = тренер Салима, когда он был ребенком.",
  "GC.CLUE.NAME.VICTIM.WEAK.VIC01": "Жертва 1 = слабая",
  "GC.CLUE.NAME.WEAK.NEWS.VIC01": "Жертва 1 = слабая",
  "clue_judge_customer_rumor_04.title": "Жертва 1 - великий футбольный тренер",
  "clue_judge_radioshow01_01.title": "Жертва 1 - великий футбольный тренер",
  "clue_sand_customer_rumor_07.title": "Смерть жертвы 1 = козел отпущения",
  "clue_sand_gas_03.title": "Смерть жертвы 1 = козел отпущения",
  "clue_sand_radioshow01_01.title": "Смерть жертвы 1 = козел отпущения",
  "clue_judge_customer_rumor_03.title": "Жертва 1 = растлитель, никогда не арестовывался",
  "clue_judge_stad_02.title": "Жертва 1 = растлитель, никогда не арестовывался",
  "clue_sand_radionews_04_01.title": "Жертва 1 = подозреваемый в пожаре на Альбатросе",
  "GC.CLUE.NAME.RECLUSE.VIC01": "Жертва 1 = затворник",
  "GC.CLUE.NAME.PAST.VIC01": "Жертва 1 имела запятнанное прошлое",
  "clue_sand_cafe_01.title": "Жертва 1 в прошлом работала в Groupe Diamant",
  "GC.CLUE.TT.PAST.VIC01": "Жертва 1 помогала осужденным священникам в 80-е годы.",
  "clue_sand_victimrecords_01.title": "Жертва 1 раньше работала с мафией",
  "clue_judge_stad_03.title": "Жертва 1 встретилась с Салимом",
  "GC.CLUE.TT.RECLUSE.VIC01": "Жертва 1 никогда не покидала свой дом.",
  "clue_judge_radionews08_02.title": "Жертва 1 задолжала деньги мафии.",
  "GC.CLUE.TT.CHURCH.LINK.VIC01": "Жертва 1 была связана с церковью.",
  "GC.CLUE.TT.KNIFE.VIC01": "Жертва 1 была выпотрошена ножом для рыбы.",
  "clue_angel_radionews04_01.title": "Жертва 1 происходит из очень религиозной семьи",
  "GC.CLUE.TT.ROBBED.VIC01.VIC03": "Жертвы 1 и 3 ограблены.",
  "GC.CLUE.TT.VICTIM.WEAK.VIC01": "Жертва 1 была слабой, старой",
  "GC.CLUE.TT.WEAK.NEWS.VIC01": "Жертва 1 была больна",
  "GC.CLUE.TT.RICH.VIC01": "Жертва 1 была богата.",
  "clue_sand_autopsy01_02.title": "Жертву 1 сначала приняли за самоубийцу",
  "clue_angel_bar_02.title": "Жертва 2 = клиент Бельведера",
  "clue_sand_escort_01.title": "Жертва 2 = член базы данных \"Секретный эскорт 75",
  "clue_judge_customer_rumor_06.title": "Жертва 2 = яростный политик",
  "clue_judge_radioshow02_01.title": "Жертва 2 = яростный политик",
  "clue_angel_journal10_01.title": "Жертва 2 = экотеррорист",
  "clue_angel_radioshow02_02.title": "Жертва 2 = экотеррорист",
  "clue_judge_report02_01.title": "Жертва 2 = украденный бумажник",
  "clue_sand_autopsy02_01.title": "Жертва 2 = задушена посмертно",
  "clue_judge_radioshow04_02.title": "Жертва 2 = расистский, гомофобный лидер ультраправых",
  "GC.CLUE.NAME.RICH.VIC02": "Жертва 2 = богач",
  "GC.CLUE.NAME.VICTIM.WEAK.VIC02": "Жертва 2 = слабая",
  "clue_angel_radionews05_01.title": "Жертва 2 = веган, против жестокого обращения с животными",
  "GC.CLUE.NAME.FORGOT.NEWS.VIC02": "VIctim 2 = забытая актриса",
  "GC.CLUE.NAME.RECLUSE.VIC02": "Жертва 2 = затворник",
  "clue_judge_report02_02.title": "Жертва 2 убита в единственном месте, где нет камер видеонаблюдения",
  "clue_sand_newsroom_02.title": "Жертва 2 получила деньги за то, чтобы замолчать об Альбатросе",
  "clue_angel_customer_rumor_02.title": "Жертва 2 почувствовала, что за ней следят",
  "clue_judge_customer_rumor_07.title": "Жертва 2 убила алжирца, который так и не был арестован",
  "clue_judge_journal04_01.title": "Жертва 2 убила алжирца, который так и не был арестован",
  "clue_judge_radioshow04_01.title": "Жертва 2 убила алжирца, который так и не был арестован",
  "clue_angel_report02_02.title": "Жертва 2 открыла дверь убийце",
  "clue_judge_park_01.title": "У жертвы 2 в бумажнике был сувенир времен Второй мировой войны, денег не было",
  "clue_angel_report02_01.title": "У жертвы 2 в руке был чеснок",
  "GC.CLUE.TT.CHURCH.LINK.VIC02": "Жертва 2 была связана с церковью.",
  "GC.CLUE.TT.VICTIM.WEAK.VIC02": "Жертва 2 принимала снотворное перед нападением",
  "clue_sand_gas_05.title": "Жертва 2 развращена, заслуживает смерти",
  "GC.CLUE.TT.RECLUSE.VIC02": "Жертва 2 жила затворницей.",
  "GC.CLUE.TT.KNIFE.VIC02": "Жертва 2 была выпотрошена ножом для рыбы.",
  "GC.CLUE.TT.FORGOT.NEWS.VIC02": "Жертва 2 была знаменита в 70-е годы.",
  "GC.CLUE.TT.PAST.VIC02": "Жертва 2 присоединилась к секте в 80-90-е годы.",
  "GC.CLUE.TT.RICH.VIC02": "Жертва 2 была богата.",
  "clue_judge_embassy_03.title": "Жертва 3 = полковник Хунты, Процесс",
  "clue_judge_gas_03.title": "Жертва 3 = полковник Хунты, Процесс",
  "clue_judge_julian_01.title": "Жертва 3 = полковник Хунты, Процесс",
  "clue_sand_journal03_01.title": "Жертва 3 = журналист-фантаст",
  "clue_sand_radionews_05_01.title": "Жертва 3 = журналист-фантаст",
  "clue_sand_customer_rumor_04.title": "Жертва 3 = получала угрозы убийства",
  "clue_sand_newsroom_01.title": "Жертва 3 = получала угрозы убийства",
  "clue_sand_escort_02.title": "Жертва 3 = член базы данных \"Секретный эскорт 75",
  "clue_judge_customer_rumor_09.title": "Жертва 3 сбежала из Аргентины в 80-х годах.",
  "clue_judge_journal01_02.title": "Жертва 3 сбежала из Аргентины в 80-х годах.",
  "clue_angel_journal05_01.title": "Жертва 3 = нападение ультраправых в 90-е годы",
  "clue_sand_journal07_01.title": "Жертва 3 = монеты найдены во рту",
  "clue_sand_radionews_06_01.title": "Жертва 3 = монеты найдены во рту",
  "clue_judge_customer_rumor_08.title": "Жертва 3 = предполагаемый участник процесса",
  "clue_judge_journal01_01.title": "Жертва 3 = предполагаемый участник процесса",
  "clue_judge_gas_04.title": "Жертва 3 = уважаемый полковник и опора общества",
  "clue_judge_radioshow03_01.title": "Жертва 3 = уважаемый полковник и опора общества",
  "clue_sand_journal06_01.title": "Жертва 3 = плохой журналист",
  "clue_sand_autopsy03_01.title": "Жертва 3 = газета во рту (посмертно)",
  "clue_angel_customer_rumor_04.title": "Жертва 3 = Свидетель слышал женские голоса",
  "clue_angel_journal02_01.title": "Жертва 3 = Свидетель слышал женские голоса",
  "clue_angel_radioshow03_01.title": "Жертва 3 = Свидетель слышал женские голоса",
  "clue_angel_cemetery_01.title": "Жертва 3 - часть культа \"Лунная плоть\".",
  "clue_angel_radioshow03_02.title": "Жертва 3 - часть культа \"Лунная плоть\".",
  "clue_judge_embassy_02.title": "Жертва 3 = известно, что он пытал заключенных",
  "clue_angel_radionews06_01.title": "Жертва 3 получала угрозы расправы: \"LUST\"",
  "clue_angel_radionews06_02.title": "Жертва 3 редко выходила из дома",
  "clue_angel_radionews06_03.title": "Жертва 3 известна своими ролями в 60-х годах",
  "clue_sand_report04_05.title": "Жертва 4 = банковские купюры, засунутые в горло",
  "clue_angel_gas_05.title": "Жертва 4 = принимала беженцев в своем отеле",
  "clue_angel_radioshow01_01.title": "Жертва 4 = принимала беженцев в своем отеле",
  "clue_judge_customer_rumor_10.title": "Жертва 4 = фантастический политик",
  "clue_angel_customer_rumor_10.title": "Жертва 4 = отдала часть своего состояния на благотворительность",
  "clue_angel_journal01_01.title": "Жертва 4 = отдала часть своего состояния на благотворительность",
  "clue_angel_radionews02_01.title": "Жертва 4 = отдала часть своего состояния на благотворительность",
  "clue_angel_radioshow02_01.title": "Жертва 4 = был русским шпионом",
  "clue_angel_customer_rumor_09.title": "Жертва 4 = богатая вдова",
  "clue_angel_radionews03_01.title": "Жертва 4 = богатая вдова",
  "clue_sand_customer_rumor_10.title": "Жертва 4 оставила деньги своей собаке",
  "clue_sand_report04_04.title": "Жертва 4 изменила завещание за 2 дня до смерти",
  "clue_sand_newsroom_03.title": "Жертва 4 отказалась ремонтировать \"Альбатрос\" перед пожаром",
  "GC.CLUE.NAME.ROBBED.VIC01.VIC03": "Жертвы ограблены",
  "GC.CLUE.NAME.KILLED.OUTSIDE.VIC03": "Жертва убита на улице",
  "clue_angel_customer_rumor_14.title": "Жертвы впускают убийцу в дом = должны выглядеть непринужденно",
  "clue_angel_gas_04.title": "Жертвы впускают убийцу в дом = должны выглядеть непринужденно",
  "clue_angel_journal07_01.title": "Жертвы впускают убийцу в дом = должны выглядеть непринужденно",
  "clue_angel_radionews08_01.title": "Жертвы впускают убийцу в дом = должны выглядеть непринужденно",
  "clue_angel_report01_01.title": "Кухонное окно, оставленное жертвой открытым",
  "GC.CLUE.NAME.CULT.NEWS": "Жертва связана с сектой",
  "GC.CLUE.NAME.PAST.VIC02": "У жертвы было запятнанное прошлое",
  "clue_judge_kcase_04.title": "Жертвы убиты 1 пулей в шею",
  "GC.CLUE.NAME.ROBBED.NO.VIC02": "Жертва не ограблена",
  "clue_sand_kcase_04.title": "Жертвы, \"удивленные\" инъекцией",
  "clue_sand_customer_rumor_03.title": "Смерть жертвы = плохо для Groupe Diamant",
  "clue_sand_journal09_01.title": "Смерть жертвы = плохо для Groupe Diamant",
  "UI.MENU.OPTIONS": "Опции",
  "clue.source.location": "Расположение",
  "clue_sand_hospital_02.title": "Бромид панкурония, используемый для приведения в исполнение смертных приговоров в США",
  "clue_sand_radioshow03_01.title": "Панкурония бромид, используемый для получения сексуального удовольствия",
  "poi_judge_park.title": "Парковка Бугрена",
  "guess_angel_sus01_01.source": "Личная теория",
  "guess_angel_sus03_01.source": "Личная теория",
  "guess_angel_sus04_01.source": "Личная теория",
  "guess_angel_sus04_02.source": "Личная теория",
  "guess_angel_sus05_01.source": "Личная теория",
  "guess_judge_sus01_03.source": "Личная теория",
  "guess_judge_sus02_01.source": "Личная теория",
  "guess_judge_sus02_02.source": "Личная теория",
  "guess_judge_sus02_03.source": "Личная теория",
  "guess_judge_sus03_02.source": "Личная теория",
  "guess_judge_sus03_03.source": "Личная теория",
  "guess_judge_sus04_01.source": "Личная теория",
  "guess_judge_sus05_01.source": "Личная теория",
  "guess_judge_sus05_03.source": "Личная теория",
  "guess_sand_sus01_01.source": "Личная теория",
  "guess_sand_sus01_02.source": "Личная теория",
  "guess_sand_sus02_01.source": "Личная теория",
  "guess_sand_sus02_02.source": "Личная теория",
  "guess_sand_sus03_01.source": "Личная теория",
  "guess_sand_sus04_01.source": "Личная теория",
  "guess_sand_sus05_01.source": "Личная теория",
  "clue_angel_customer_pierrette_01.title": "Пьеретта ничего не сказала о вашем шраме.",
  "clue_angel_customer_pierrette_01.source": "Информация о Пьеретте",
  "clue_judge_julian_05.title": "Отец Пьеро работал над скандалом с Риктодином",
  "UI.ROOM.TRANSITION.BOARD": "проверить доску",
  "poi_judge_archiv.title": "Полицейские архивы",
  "clue_angel_report01_01.source": "Полицейский отчет, жертва 1",
  "clue_judge_report01_01.source": "Полицейский отчет, жертва 1",
  "clue_judge_report01_02.source": "Полицейский отчет, жертва 1",
  "doc_angel_report01.title": "Полицейский отчет, жертва 1",
  "doc_judge_report01.title": "Полицейский отчет, жертва 1",
  "clue_angel_report02_01.source": "Полицейский отчет, жертва 2",
  "clue_angel_report02_02.source": "Полицейский отчет, жертва 2",
  "clue_judge_report02_01.source": "Полицейский отчет, жертва 2",
  "clue_judge_report02_02.source": "Полицейский отчет, жертва 2",
  "doc_angel_report02.title": "Полицейский отчет, жертва 2",
  "doc_judge_report02.title": "Полицейский отчет, жертва 2",
  "clue_angel_report03_01.source": "Полицейский отчет, жертва 3",
  "clue_judge_report03_01.source": "Полицейский отчет, жертва 3",
  "doc_angel_report03.title": "Полицейский отчет, жертва 3",
  "doc_judge_report03.title": "Полицейский отчет, жертва 3",
  "clue_sand_report04_01.source": "Полицейский отчет, жертва 4",
  "clue_sand_report04_02.source": "Полицейский отчет, жертва 4",
  "clue_sand_report04_03.source": "Полицейский отчет, жертва 4",
  "clue_sand_report04_04.source": "Полицейский отчет, жертва 4",
  "clue_sand_report04_05.source": "Полицейский отчет, жертва 4",
  "doc_sand_report04.title": "Полицейский отчет, жертва 4",
  "GC.DOCUMENT.NAME.REPORT01.VICTIM1": "Полицейский отчет: Вскрытие, жертва № 1",
  "GC.DOCUMENT.NAME.REPORT02.VICTIM2": "Полицейский отчет: Вскрытие, жертва № 2",
  "GC.DOCUMENT.NAME.REPORT03.AOD.CASE": "Полицейский отчет: Дело об ангеле смерти",
  "clue.source.cop": "Полицейский",
  "UI.PRICE": "Цена",
  "UI.BOARD.SOURCE": "Источник",
  "clue.source.radio": "Радио",
  "UI.TAXI.RADIO": "Слушать радио",
  "clue_sand_houssine_01.title": "Убийце было жаль.",
  "clue_judge_journal02_01.title": "Жертвы риктодина по-прежнему требуют возмездия",
  "clue_judge_radionews02_01.title": "Жертвы риктодина по-прежнему требуют возмездия",
  "clue_judge_journal05_01.title": "Салим = защищал мафию в суде",
  "clue_judge_salim_01.title": "Салим = расследовал первых 3 жертв",
  "clue_judge_salim_01.source": "Файлы Салима",
  "doc_judge_salim.title": "Файлы Салима",
  "clue_judge_customer_ludwig_03.title": "Запах пороха во время разговора с Людвигом",
  "UI.OPTIONS.TEXT_SPEED.FAST": "Быстрее",
  "DIFFICULTY.HARD": "Сложно",
  "STORYSELECT.TITLE.CHOOSE.DIFFICULTY": "Выбрать режим сложности",
  "poi_sand_escort.title": "Секретный эскорт 75",
  "DIFFICULTY.NORMAL.DESCRIPTION": "Так, как задумали разработчики Night Call.",
  "GC.SUSPECT.NAME.SOPHIA": "София",
  "UI.OPTIONS.SFX_VOLUME": "Звук",
  "UI.PAUSE.EXITGAME": "Выйти из игры",
  "UI.MENU.LOAD": "Загрузить игру",
  "UI.PLAYTIME": "Время игры:",
  "UI.OPTIONS.LANGUAGE": "Язык",
  "poi_judge_stad.title": "Стад Шарлети",
  "DIFFICULTY.EASY": "История",
  "clue_sand_chrisrecords_01.source": "Криминальное прошлое Криса",
  "clue_sand_chrisrecords_02.source": "Криминальное прошлое Криса",
  "clue_sand_chrisrecords_03.source": "Криминальное прошлое Криса",
  "clue_sand_chrisrecords_04.source": "Криминальное прошлое Криса",
  "doc_sand_chrisrecords.title": "Криминальное прошлое Криса",
  "clue_sand_victimrecords_01.source": "Судимости жертвы 1",
  "clue_sand_victimrecords_02.source": "Судимости жертвы 1",
  "clue_sand_victimrecords_03.source": "Судимости жертвы 1",
  "doc_sand_victimrecords.title": "Судимости жертвы 1",
  "GC.CLUE.NAME.SYMBOL.NO.VIC02": "Симбот не нарисован жертвой 2",
  "GC.CLUE.NAME.CHURCH.LINK.PHOTO": "Символ, связанный с церковью",
  "GC.CLUE.NAME.SYMBOL.CHURCH": "Символ, связанный с церковью",
  "GC.CLUE.NAME.SYMBOL.BLOOD": "Символ, нарисованный жертвой 2?",
  "GC.CLUE.NAME.SYMBOL.PHOTO": "Символ, нарисованный жертвой 2?",
  "GC.CLUE.NAME.SYMBOL.VIC02": "Символ, нарисованный жертвой 2?",
  "GC.CLUE.TT.SYMBOL.NO.VIC02": "Символ нарисован высоко.",
  "UI.STATION.PUMP.PROMPT": "Заправить бак",
  "UI.STATION.PUMP.PROMPT.FULL": "Бак полон",
  "clue.source.gasstation": "Заправка",
  "UI.STATION.EXIT.PROMPT": "Покинуть заправку",
  "clue_angel_customer_herve_01.title": "Убийца <1м70",
  "clue_angel_customer_rumor_01.title": "Убийца <1м70",
  "clue_angel_houssine_01.title": "Убийца <1м70",
  "clue_angel_radionews01_01.title": "Убийца <1м70",
  "clue_angel_kcase_01.title": "Убийца < 1м80",
  "clue_judge_customer_ade_01.title": "Убийца = получающий удовольствие от убийства",
  "clue_judge_journal06_01.title": "Убийца = профессионал",
  "clue_judge_radionews06_01.title": "Убийца = профессионал",
  "clue_angel_gas_02.title": "Убийца = религиозный урод",
  "clue_sand_customer_rumor_01.title": "Убийца = низкий голос, звучал старо.",
  "clue_sand_journal04_01.title": "Убийца = низкий голос, звучал старо.",
  "guess_angel_sus04_01.title": "Убийца = вампир?",
  "clue_sand_customer_rumor_02.title": "Убийца = женский голос, выдающий себя за мужской",
  "clue_sand_journal05_01.title": "Убийца = женский голос, выдающий себя за мужской",
  "clue_sand_customer_rumor_08.title": "Убийца > 1м75",
  "clue_sand_kcase_01.title": "Убийца > 1м75",
  "clue_angel_customer_rumor_05.title": "Убийца > 1м80",
  "clue_sand_customer_herve_01.title": "Убийца > 1м80",
  "clue_sand_customer_rumor_05.title": "Убийца > 1м80",
  "clue_sand_gas_01.title": "Убийца > 1м80",
  "clue_sand_radioshow04_01.title": "Убийца > 1м80",
  "clue_sand_customer_ade_02.title": "Убийца считает, что убийства совершаются ради высшего блага",
  "clue_sand_customer_ludwig_03.title": "Убийца ненавидит забирать жизни... делал это в прошлом.",
  "clue_judge_customer_ludwig_01.title": "Убийца покинул свою страну",
  "clue_judge_report01_02.title": "Убийца дрался с жертвой 1",
  "clue_judge_report03_01.title": "Убийца дрался с жертвой 3",
  "clue_judge_customer_ludwig_02.title": "Убийца отлично позаботился о пистолете",
  "clue_judge_houssine_01.title": "У убийцы были морщины на руках",
  "GC.CLUE.NAME.MESSAGE.RUMOR": "Убийца оставляет сообщение",
  "clue_judge_kcase_02.title": "Убийца знал жертв или изучал их",
  "guess_judge_sus01_03.title": "Убийца должен был знать о жертвах.",
  "guess_judge_sus02_03.title": "Убийца должен был знать о жертвах.",
  "clue_angel_customer_ade_01.title": "Убийца связан с женщиной",
  "clue_sand_customer_ludwig_01.title": "Убийца, связанный с войной",
  "clue_angel_customer_ade_02.title": "Убийца убивает ради кого-то другого",
  "clue_judge_customer_herve_01.title": "Убийца в черных перчатках",
  "GC.CLUE.TT.MESSAGE.RUMOR": "Убийца хочет, чтобы его видели.",
  "clue_sand_customer_ade_01.title": "Убийца не хочет убивать",
  "clue_angel_customer_ludwig_02.title": "Убийцей манипулируют, чтобы он убил",
  "clue_angel_gas_03.title": "Убийство политических активистов",
  "clue_angel_journal03_01.title": "Убийство политических активистов",
  "clue_judge_customer_rumor_01.title": "Рост убийцы < 1м70",
  "clue_judge_journal07_01.title": "Рост убийцы < 1м70",
  "clue_judge_autopsy04_03.title": "Рост убийцы < 1м80",
  "clue_judge_gas_02.title": "Рост убийцы > 1м80",
  "clue_judge_report01_01.title": "Рост убийцы > 1м80",
  "clue_angel_kcase_03.title": "Проникновение на места преступлений 1 и 3",
  "UI.STATION.EXIT": "Такси",
  "UI.OPTIONS.TEXT_SIZE": "Размер текста",
  "clue_judge_kcase_01.title": "Смерть = казнь",
  "clue_sand_autopsy02_02.title": "На второй жертве найдены слезы, возможно, убийцы?",
  "clue_sand_autopsy03_02.title": "На третьей жертве найдены слезы, возможно, убийцы?",
  "clue_angel_customer_gilda_01.source": "Встреча с Гильдой",
  "clue_angel_customer_jonas_01.source": "Встреча с Йонасом",
  "UI.CAR.PASSENGER.END.TIP": "Чаевые",
  "UI.ENDSHIFT.SUMUP.TIPS": "Советы",
  "INVESTIGATION.RANDOM.TITLE": "Расследование \"Сюрприз\"",
  "clue_angel_kcase_01.source": "Дело об убийстве",
  "clue_angel_kcase_02.source": "Дело об убийстве",
  "clue_angel_kcase_03.source": "Дело об убийстве",
  "clue_angel_kcase_04.source": "Дело об убийстве",
  "clue_angel_kcase_05.source": "Дело об убийстве",
  "clue_judge_kcase_01.source": "Дело об убийстве",
  "clue_judge_kcase_02.source": "Дело об убийстве",
  "clue_judge_kcase_03.source": "Дело об убийстве",
  "clue_judge_kcase_04.source": "Дело об убийстве",
  "clue_sand_kcase_01.source": "Дело об убийстве",
  "clue_sand_kcase_02.source": "Дело об убийстве",
  "clue_sand_kcase_03.source": "Дело об убийстве",
  "clue_sand_kcase_04.source": "Дело об убийстве",
  "doc_angel_kcase.title": "Дело об убийстве",
  "doc_judge_kcase.title": "Дело об убийстве",
  "doc_sand_kcase.title": "Дело об убийстве",
  "clue_angel_customer_rumor_07.title": "Вампиры реальны... используйте нож, чтобы спрятать укус",
  "clue_angel_customer_rumor_11.title": "Вампиры существуют — вот настоящий убийца",
  "GC.CLUE.TT.SYMBOL.CHURCH": "Связано с церковью или религией.",
  "clue_sand_escort_04.title": "Подозреваемый 2 = клиент Secret Escort 75",
  "UI.SPECIFIC.XBOX.CONNECTEDPROFILE": "Связанный профиль",
  "UI.ENDSHIFT.SUMUP.LOSSES": "Потери",
  "UI.CREDITS.INTRO.PUBLISHED": "издатель",
  "UI.ROOM.BOARD.MOVE": "Двигаться",
  "UI.VERSION": "Версия",
  "UI.OPTIONS.VSYNC": "Вертикальная синхронизация",
  "UI.OPTIONS.VIDEO": "Видео",
  "UI.OPTIONS.TEXT_SPEED.VERYSLOW": "Гораздо медленнее",
  "UI.OPTIONS.TEXT_SPEED.VERYFAST": "Гораздо быстрее",
  "FULLSCREEN": "Полный экран",
  "clue_sand_cemetery_01.source": "Из посещения кладбища Батиньоль",
  "clue_sand_cemetery_02.source": "Из посещения кладбища Батиньоль",
  "clue_sand_cemetery_03.source": "Из посещения кладбища Батиньоль",
  "clue_judge_park_01.source": "От консьержа \"Жертвы-2",
  "clue_judge_park_02.source": "От консьержа \"Жертвы-2",
  "clue_judge_park_03.source": "От консьержа \"Жертвы-2",
  "clue_judge_gun_01.source": "От владельца оружейного магазина",
  "clue_judge_gun_02.source": "От владельца оружейного магазина",
  "clue_angel_church_01.source": "От священника в церкви Гильды",
  "clue_sand_customer_anita_01.source": "От Аниты",
  "doc_angel_fileherve.source": "Приведено по Busset",
  "doc_angel_kcase.source": "Приведено по Busset",
  "doc_angel_pic01.source": "Приведено по Busset",
  "doc_angel_pic02.source": "Приведено по Busset",
  "doc_angel_pic03.source": "Приведено по Busset",
  "doc_angel_report01.source": "Приведено по Busset",
  "doc_angel_report02.source": "Приведено по Busset",
  "doc_angel_report03.source": "Приведено по Busset",
  "doc_judge_autopsy03.source": "Приведено по Busset",
  "doc_judge_autopsy04.source": "Приведено по Busset",
  "doc_judge_kcase.source": "Приведено по Busset",
  "doc_judge_pic01.source": "Приведено по Busset",
  "doc_judge_pic02.source": "Приведено по Busset",
  "doc_judge_pic03.source": "Приведено по Busset",
  "doc_judge_pic04.source": "Приведено по Busset",
  "doc_judge_report01.source": "Приведено по Busset",
  "doc_judge_report02.source": "Приведено по Busset",
  "doc_judge_report03.source": "Приведено по Busset",
  "doc_sand_autopsy01.source": "Приведено по Busset",
  "doc_sand_autopsy02.source": "Приведено по Busset",
  "doc_sand_autopsy03.source": "Приведено по Busset",
  "doc_sand_chrisrecords.source": "Приведено по Busset",
  "doc_sand_kcase.source": "Приведено по Busset",
  "doc_sand_report04.source": "Приведено по Busset",
  "doc_sand_suspectsintel.source": "Приведено по Busset",
  "doc_sand_victimrecords.source": "Приведено по Busset",
  "clue_angel_bar_01.source": "От бармена в ресторане Belvédère",
  "clue_angel_bar_02.source": "От бармена в ресторане Belvédère",
  "clue_angel_bar_03.source": "От бармена в ресторане Belvédère",
  "clue_angel_bar_04.source": "От бармена в ресторане Belvédère",
  "clue_sand_hospital_01.source": "От Джены из больницы Сент-Уан",
  "clue_sand_hospital_02.source": "От Джены из больницы Сент-Уан",
  "clue_sand_hospital_03.source": "От Джены из больницы Сент-Уан",
  "clue_sand_customer_geraldine_01.source": "От Жеральдины",
  "clue_sand_customer_geraldine_02.source": "От Жеральдины",
  "doc_judge_julian.source": "Предоставлено Джулианом",
  "clue_angel_cemetery_01.source": "От Марко на кладбище",
  "clue_angel_cemetery_02.source": "От Марко на кладбище",
  "clue_angel_cemetery_03.source": "От Марко на кладбище",
  "clue_judge_stad_01.source": "От Марко, рядом с Жертвой 1",
  "clue_judge_stad_02.source": "От Марко, рядом с Жертвой 1",
  "clue_judge_stad_03.source": "От Марко, рядом с Жертвой 1",
  "clue_angel_fire_01.source": "От моего источника в пожарной части",
  "clue_angel_fire_02.source": "От моего источника в пожарной части",
  "clue_angel_fire_03.source": "От моего источника в пожарной части",
  "clue_angel_fire_04.source": "От моего источника в пожарной части",
  "clue_sand_cafe_01.source": "От моего источника в Groupe Diamant",
  "clue_sand_cafe_02.source": "От моего источника в Groupe Diamant",
  "clue_sand_cafe_03.source": "От моего источника в Groupe Diamant",
  "clue_sand_newsroom_01.source": "От моего источника на InfoTV",
  "clue_sand_newsroom_02.source": "От моего источника на InfoTV",
  "clue_sand_newsroom_03.source": "От моего источника на InfoTV",
  "clue_sand_customer_mireille_01.source": "От Мирей, соседки Александра",
  "clue_judge_archiv_01.source": "Из источника в полицейском архиве",
  "clue_judge_embassy_01.source": "Из источника в посольстве Аргентины",
  "clue_judge_embassy_02.source": "Из источника в посольстве Аргентины",
  "clue_judge_embassy_03.source": "Из источника в посольстве Аргентины",
  "clue_sand_victimrecords_03.title": "Обычный почерк Жертвы 1 похож на пожар Альбатроса",
  "GC.CLUE.NAME.KNIFE.STANDARD": "Оружие = рыбацкий инструмент",
  "GC.CLUE.NAME.KNIFE.VIC01": "Оружие = нож для рыбы",
  "GC.CLUE.NAME.KNIFE.VIC02": "Оружие = нож для рыбы",
  "clue_judge_gun_01.title": "Оружие = полицейский пистолет 70-х годов",
  "clue_judge_autopsy03_02.title": "Оружие = редкий пистолет, использовавшийся в 70-х годах.",
  "clue_judge_autopsy04_02.title": "Оружие = редкий пистолет, использовавшийся в 70-х годах.",
  "clue_judge_gun_02.title": "Оружие = поддерживается в идеальной форме профессионалом",
  "poi_judge_gun.title": "Оружейный магазин на Монпарнасе",
  "UI.ENDSHIFT.SUMUP.CONTINUE": "Продолжить",
  "UI.MENU.CONTINUE": "Продолжить",
  "UI.PAUSE.RESUME": "Продолжить",
  "UI.CAR.DIALOGUE.SKIP": "Далее",
  "UI.TUTORIAL.NEXT": "Далее",
  "UI.ENDSHIFT.REVEALS.MENU": "Более подробную информацию можно найти в меню Passidex",
  "UI.LOADING": "Загрузка",
  "clue_angel_journal08_01.title": "Ученые обнаружили, что мы живем в симуляции",
  "UI.STATION.PUMP": "Бензоколонка",
  "UI.ROOM.TIMELINE": "Хронология",
  "clue.source.newspaper": "Газета",
  "UI.STATION.NEWSPAPER": "Газета",
  "UI.TAXI.NEWSPAPER": "Читать газету",
  "GC.DOCUMENT.NAME.NEWSPAPER05.ARCHBISHOP": "Газета: \"Архиепископ убит в Париже\"",
  "GC.DOCUMENT.NAME.NEWSPAPER04.BURGLARIES": "Газета: \"Число квартирных краж растет!\"",
  "GC.DOCUMENT.NAME.NEWSPAPER06.AOE": "Газета: \"Ангел смерти наносит новый удар!\"",
  "clue_sand_gas_02.title": "Свидетель описал убийцу как пожилого мужчину или женщину.",
  "UI.ENDSHIFT.SUMUP.CIGS": "Сигареты",
  "INVESTIGATION.FULL.TITLE": "Случайное расследование (все)",
  "GC.CLUE.TT.BURGLARY.BALCONY": "Очень легко войти в квартиру через балкон.",
  "UI.PAUSE.BACKTOMENU": "Вернуться к меню",
  "UI.PRESS.AFTER": "для начала",
  "UI.MENU.PRESS": "НАЖМИТЕ ДЛЯ ЗАПУСКА",
  "UI.BACK": "Назад",
  "UI.ROOM.TRANSITION.DESK": "к столу",
  "UI.APPLY": "Применить",
  "UI.ENDSHIFT.SUMUP.START": "Стартовый баланс",
  "UI.MENU.FREEROAM": "Свободная езда",
  "UI.STATION.TICKET_JOYEUX_SOURIRE": "« Joyeux Sourire »",
  "UI.SPLASHSCREEN.WARNING": "Не выключайте игру или компьютер, когда этот символ отображается на экране.",
  "UI.TUTORIAL.CLUES": "Разговоры с пассажирами могут открыть новые документы и улики для вашего расследования. Вы найдёте их в своей квартире после смены.",
  "UI.STATION.TICKET.LOST": "Проигрыш",
  "UI.SPLASHSCREEN.MATURE": "Night Call основана на реальных историях и может вызвать дискомфорт у некоторых игроков.",
  "ENG": "English",
  "GER": "Deutsch",
  "FRA": "Français",
  "INVESTIGATION.JUDGE.DESCRIPTION": "У всех жертв есть нечто общее, и мотивы кажутся ясными. Но кто из подозреваемых мог это сделать? Сбалансированное дело, идеально для первого прохождения.",
  "INVESTIGATION.SANDMAN.DESCRIPTION": "Жертвы поначалу кажутся случайными, но связь есть. Мотивы будет сложно найти. Тёмное и запутанное дело.",
  "INVESTIGATION.FULL.DESCRIPTION": "Игра случайно выберет расследование, неважно, раскрыто оно или нет.",
  "INVESTIGATION.RANDOM.DESCRIPTION": "Игра случайно выберет нераскрытое расследование.",
  "DIFFICULTY.EASY.DESCRIPTION": "Деньги будет легко заработать. Расследование будет проще. Каждое действие займёт меньше времени. Для спокойного прохождения.",
  "DIFFICULTY.HARD.DESCRIPTION": "Деньги будут ограничены. Расследование будет сложнее. Каждое действие займёт больше времени. Для более сложного прохождения.",
  "clue_sand_radioshow02_01.title": "Пожар в «Альбатросе» = выгода для бизнеса Groupe Diamant",
  "clue_sand_radionews_02_01.title": "Пожар в «Альбатросе» = авария из-за плохого состояния здания",
  "clue_sand_suspectsintel_02.title": "Муж Аниты = стоматолог с доступом к миорелаксанту",
  "clue_judge_journal08_02.title": "Досье первых 3 жертв = часть утечки из полиции 2 года назад",
  "clue_judge_radionews01_01.title": "Досье первых 3 жертв = часть утечки из полиции 2 года назад",
  "clue_sand_kcase_03.title": "Смерть от инъекции миорелаксанта, приведшей к асфиксии",
  "clue_angel_cemetery_03.title": "Культ «Лунная плоть» = нелегально сажали цветы и деревья",
  "clue_sand_hospital_01.title": "Миорелаксант исчез из больницы в ночь пожара",
  "clue_sand_journal02_01.title": "Миорелаксант исчез из больницы в ночь пожара",
  "clue_sand_autopsy01_01.title": "Жертва 1 = следы ожогов на теле, нанесены при жизни",
  "clue_angel_fire_02.title": "Жертва 1 = не смог спасти всех в «Альбатросе», чувствовал вину",
  "clue_sand_cafe_02.title": "Жертва 1 уволена из Groupe Diamant за годы до «Альбатроса»",
  "clue_sand_journal01_01.title": "Жертва 1 уволена из Groupe Diamant за годы до «Альбатроса»",
  "clue_angel_journal06_01.title": "Жертва 2 = лучший друг убит скинхедом на протесте",
  "poi_sand_hospital.title": "Больница Сент-Уэн",
  "GC.CLUE.TT.BURGLARY.REPORT": "Квартиры жертв 1 и 2 были ограблены через балкон.",
  "GC.CLUE.TT.KILLER.SLOPPY.VIC01": "Раны жертвы 1 были неаккуратными, убийца торопился или был неопытен.",
  "GC.CLUE.TT.SYMBOL.VIC02": "Жертва 2 могла нарисовать символ рыбы: её большой палец был в крови.",
  "GC.DOCUMENT.TT.NEWSPAPER05.ARCHBISHOP": "Статья о первой жертве Ангела Смерти. В прошлом жертва защищала священников, обвинённых в сексуальном насилии над детьми.",
  "GC.DOCUMENT.TT.NEWSPAPER06.AOE": "Статья о второй жертве Ангела Смерти, забытой всеми актрисе.",
  "GC.DOCUMENT.TT.REPORT02.VICTIM2": "Отчёт о вскрытии второй жертвы. Ещё более загадочный, чем первый. Отчёт проливает свет на связи между двумя убийствами.",
  "GC.DOCUMENT.TT.REPORT03.AOD.CASE": "Папка с делом... Ну, то, что дал вам коп. Это очень длинно, очень подробно... и в то же время очень размыто. Тем не менее, содержит информацию об убийце.",
  "GC.DOCUMENT.TT.PHOTOGRAPHY07.FISH": "Фото, сделанное криминалистами на месте второго убийства.",
  "GC.DOCUMENT.TT.RUMOR08.BURGLARS": "Фрагонар, отставной полицейский, поделился с вами своим опытом о грабителях.",
  "GC.SUSPECT.TT.JONAS": "Этот блестящий физик дважды арестовывался за нападение и домашнее насилие. Он открыл двери своему тёмному прошлому.",
  "GC.SUSPECT.TT.ALICIA": "Поэтесса, которая была членом того же культа, что и вторая жертва в 80-х. Алисию долго подозревали в убийстве мужа в 1979 году, но она была оправдана.",
  "GC.SUSPECT.TT.SOPHIA": "Следователь полиции, ведущая дело Ангела Смерти. Одержимая этим делом, она готова на всё ради правосудия.",
  "096_gilda.bio": "014_fragonard.bio",
  "059_pierrot.bio": "023_apollonie.bio",
  "044_chris.bio": "007_salim.bio",
  "019_herve.bio": "053_camille.bio",
  "032_anita.bio": "022_claudia.bio",
  "043_jonas.bio": "097_alexandre.bio",
  "031_geraldine.bio": "072_pierrette.bio",
  "clue.source.driver": "clue_angel_radioshow01_01.source",
  "clue_angel_customer_rumor_03.title": "Жертва 2 получала угрозы смерти: «ОН НАБЛЮДАЕТ ЗА ТОБОЙ»",
  "GC.CLUE.TT.KILLER.SLOPPY.VIC02": "Раны жертвы 2 были неаккуратными, убийца торопился или был неопытен.",
  "GC.CLUE.TT.KILLED.OUTSIDE.VIC03": "Жертва 3 была убита в спешке у своего дома.",
  "clue_angel_gas_01.title": "Жертва 4 = отдала часть состояния на защиту животных",
  "clue_sand_escort_03.title": "Жертва 4 была в базе данных Secret Escort 75",
  "clue_judge_journal03_01.title": "Жертва 4 = никогда не судима за скандал с Риктодином",
  "clue_judge_customer_rumor_02.title": "Жертва 4 = ответственна за скандал с Риктодином, не судима",
  "clue_judge_kcase_03.title": "Убийца оставил сообщение мелом на первых 3 местах преступлений",
  "clue_sand_journal10_01.title": "Завещание жертвы 4 блокирует наследство в случае убийства",
  "clue_sand_radionews_08_01.title": "Завещание жертвы 4 блокирует наследство в случае убийства",
  "GC.DOCUMENT.TT.REPORT01.VICTIM1": "От вашего «друга» из полиции... отчёт о вскрытии первой жертвы. Многие страницы были вырваны, но кое-что полезное осталось.",
  "GC.DOCUMENT.TT.NEWSPAPER04.BURGLARIES": "Газетная статья о значительном росте краж со взломом. В тексте описываются методы, используемые грабителями.",
  "INVESTIGATION.ANGEL.DESCRIPTION": "Случайные жертвы. Неизвестный мотив. Странное дело, немного сложнее остальных.",
  "JAP": "Japanese",
  "poi_angel_bar.source": "poi_angel_cemetery.source",
  "poi_angel_church.source": "poi_angel_fire.source",
  "poi_angel_hacker.source": "poi_judge_archiv.source",
  "poi_judge_embassy.source": "poi_judge_gun.source",
  "poi_judge_park.source": "poi_judge_stad.source",
  "poi_sand_cafe.source": "poi_sand_cemetery.source",
  "poi_sand_escort.source": "poi_sand_hospital.source",
  "poi_sand_newsroom.source": "STORYSELECT.TITLE.CHOOSE.CONFIRMED",
  "Candle smell while talking to Ludwig": "Запах свечей при разговоре с Людвигом"
}